submission_id,assignment_id,student_id,submitted_ts,score
1,1,21,2025-04-08 10:03:09,27
2,1,31,2025-04-08 03:19:38,25
3,1,67,2025-04-06 01:38:51,24
4,1,118,2025-04-03 14:08:28,29
5,1,40,2025-04-11 10:01:55,26
6,1,64,2025-04-04 05:32:18,16
7,1,52,2025-04-09 17:21:02,22
8,1,36,2025-04-05 12:32:45,26
9,1,3,2025-04-06 01:50:18,8
10,1,16,2025-04-12 22:24:30,16
11,1,109,2025-04-08 17:14:12,16
12,1,95,2025-04-11 16:14:42,15
13,1,114,2025-04-09 19:21:58,27
14,1,135,2025-04-06 13:54:01,20
15,1,84,2025-04-11 08:44:29,22
16,1,98,2025-04-06 23:54:12,18
17,1,99,2025-04-08 08:15:40,30
18,1,59,2025-04-07 23:04:18,16
19,1,120,2025-04-09 18:36:11,28
20,2,22,2025-02-27 01:46:20,29
21,2,84,2025-02-28 12:47:34,16
22,2,137,2025-02-23 14:49:56,11
23,2,83,2025-02-24 09:42:31,13
24,2,88,2025-03-02 02:28:41,22
25,2,55,2025-02-26 04:26:18,17
26,2,53,2025-03-01 09:23:39,7
27,2,97,2025-02-24 10:15:30,21
28,2,134,2025-02-25 20:18:21,30
29,2,132,2025-02-23 02:19:57,15
30,2,129,2025-02-23 02:36:46,17
31,2,8,2025-03-03 15:43:05,23
32,2,56,2025-02-25 00:31:04,30
33,2,30,2025-02-26 01:16:18,25
34,2,69,2025-03-03 15:05:45,23
35,2,61,2025-02-28 12:50:54,22
36,2,6,2025-02-24 22:35:52,26
37,2,17,2025-02-25 09:02:50,20
38,2,121,2025-02-24 17:06:38,23
39,2,108,2025-02-28 12:24:44,21
40,2,86,2025-03-01 22:33:27,18
41,2,105,2025-02-26 09:24:33,13
42,2,80,2025-02-28 10:34:22,29
43,2,23,2025-02-26 10:07:33,13
44,2,110,2025-02-26 06:21:00,21
45,2,20,2025-02-23 21:18:05,22
46,3,64,2025-11-29 18:23:36,27
47,3,139,2025-12-04 18:53:04,26
48,3,4,2025-12-04 16:36:25,17
49,3,95,2025-11-29 11:42:15,28
50,3,120,2025-12-05 04:52:10,13
51,3,133,2025-12-03 06:03:46,22
52,3,51,2025-12-07 01:05:00,21
53,3,2,2025-12-06 11:38:20,14
54,3,7,2025-12-05 05:03:21,24
55,3,9,2025-12-06 19:10:54,14
56,3,119,2025-12-04 11:35:54,30
57,3,44,2025-12-05 21:51:26,28
58,3,137,2025-12-08 05:00:56,17
59,3,121,2025-12-01 23:15:41,16
60,3,72,2025-11-29 06:10:54,30
61,3,108,2025-12-06 15:48:12,17
62,4,29,2025-10-18 18:23:03,8
63,4,47,2025-10-22 01:53:45,8
64,4,83,2025-10-16 15:54:33,16
65,4,103,2025-10-22 09:19:46,14
66,4,65,2025-10-17 03:42:02,14
67,4,12,2025-10-13 17:37:32,11
68,4,130,2025-10-14 23:48:42,17
69,4,115,2025-10-19 17:28:37,12
70,4,33,2025-10-20 15:38:49,17
71,4,58,2025-10-19 13:41:08,14
72,4,1,2025-10-13 17:49:35,17
73,4,62,2025-10-19 05:27:54,16
74,4,139,2025-10-13 13:56:01,14
75,4,18,2025-10-21 19:18:56,16
76,4,6,2025-10-19 00:35:56,18
77,4,108,2025-10-16 23:19:12,20
78,4,106,2025-10-14 21:45:07,20
79,4,63,2025-10-16 06:07:33,13
80,4,140,2025-10-22 21:36:07,20
81,4,31,2025-10-19 08:14:55,15
82,5,119,2025-06-25 13:26:17,6
83,5,12,2025-06-27 14:20:42,5
84,5,49,2025-06-29 11:45:25,7
85,5,130,2025-06-30 16:39:17,10
86,5,38,2025-06-28 01:34:48,7
87,5,23,2025-06-27 13:41:59,6
88,5,87,2025-06-29 21:33:04,5
89,5,128,2025-06-29 09:59:11,8
90,5,115,2025-06-23 17:10:09,7
91,5,97,2025-06-27 23:14:45,6
92,5,82,2025-06-23 21:39:11,8
93,5,99,2025-07-02 18:56:56,6
94,5,85,2025-06-24 01:45:16,7
95,5,43,2025-06-26 11:58:15,7
96,5,103,2025-06-29 03:14:51,6
97,5,56,2025-06-30 16:01:43,9
98,5,39,2025-07-02 11:55:50,9
99,5,13,2025-06-25 13:10:44,7
100,5,67,2025-06-23 13:51:34,6
101,5,75,2025-07-02 04:06:04,7
102,5,92,2025-06-30 15:03:09,9
103,5,48,2025-06-23 16:38:02,5
104,5,76,2025-06-25 16:59:21,5
105,5,53,2025-07-01 06:17:35,6
106,5,3,2025-07-02 22:56:25,6
107,5,112,2025-06-26 01:13:51,8
108,5,60,2025-06-29 08:07:27,7
109,6,38,2025-09-25 09:20:34,13
110,6,39,2025-09-25 07:04:40,13
111,6,48,2025-09-19 11:30:21,20
112,6,76,2025-09-25 15:14:59,12
113,6,60,2025-09-17 23:13:50,10
114,6,128,2025-09-20 07:44:44,14
115,6,103,2025-09-21 01:18:20,13
116,6,85,2025-09-21 05:24:27,9
117,6,115,2025-09-20 17:52:55,16
118,6,3,2025-09-19 17:28:25,15
119,6,87,2025-09-24 08:13:39,16
120,6,112,2025-09-17 18:25:19,15
121,6,119,2025-09-20 12:49:06,10
122,6,99,2025-09-16 14:49:19,7
123,6,23,2025-09-19 11:10:57,9
124,6,67,2025-09-24 15:51:42,16
125,6,53,2025-09-25 03:57:10,13
126,6,56,2025-09-21 12:03:45,19
127,6,13,2025-09-17 10:35:47,20
128,6,82,2025-09-23 03:23:00,13
129,6,49,2025-09-19 10:08:20,14
130,6,130,2025-09-19 09:20:59,11
131,6,12,2025-09-21 04:58:17,15
132,6,75,2025-09-16 03:05:53,15
133,6,43,2025-09-17 15:13:31,8
134,6,97,2025-09-17 15:49:26,13
135,6,92,2025-09-20 08:16:19,13
136,7,21,2025-07-17 21:34:07,50
137,7,28,2025-07-15 13:27:19,42
138,7,30,2025-07-11 11:31:06,28
139,7,10,2025-07-14 10:28:17,38
140,7,42,2025-07-19 23:04:26,42
141,7,76,2025-07-17 17:17:58,32
142,7,109,2025-07-17 19:06:47,23
143,7,2,2025-07-12 12:16:23,31
144,7,43,2025-07-14 09:49:19,31
145,7,71,2025-07-17 23:14:05,27
146,7,79,2025-07-16 06:56:23,38
147,7,110,2025-07-18 18:54:00,31
148,7,25,2025-07-16 02:22:40,27
149,7,123,2025-07-15 15:37:51,41
150,7,27,2025-07-13 08:51:11,34
151,7,80,2025-07-14 04:51:24,50
152,7,103,2025-07-13 14:19:42,50
153,7,81,2025-07-16 22:58:08,31
154,7,36,2025-07-19 11:04:26,43
155,7,45,2025-07-15 08:29:26,29
156,7,96,2025-07-17 01:43:24,18
157,7,5,2025-07-16 08:46:34,50
158,7,106,2025-07-19 02:05:05,50
159,8,126,2025-09-23 14:46:09,24
160,8,13,2025-09-21 07:37:47,14
161,8,8,2025-09-22 22:59:02,24
162,8,57,2025-09-20 02:45:22,15
163,8,11,2025-09-24 17:26:39,23
164,8,83,2025-09-24 04:51:54,19
165,8,67,2025-09-26 23:55:38,22
166,8,9,2025-09-22 18:34:28,20
167,8,36,2025-09-21 15:37:34,30
168,8,124,2025-09-22 09:16:22,18
169,8,78,2025-09-24 12:33:58,23
170,8,62,2025-09-29 04:58:17,20
171,8,73,2025-09-21 19:07:59,19
172,8,27,2025-09-25 21:02:02,30
173,8,2,2025-09-25 07:52:31,25
174,8,56,2025-09-22 10:17:28,26
175,8,111,2025-09-29 11:28:16,14
176,9,73,2025-08-25 12:12:20,28
177,9,11,2025-08-25 04:02:45,27
178,9,83,2025-08-22 12:22:23,24
179,9,9,2025-08-28 04:11:42,28
180,9,57,2025-08-29 23:53:23,27
181,9,67,2025-08-28 05:50:30,15
182,9,126,2025-08-20 20:21:29,23
183,9,111,2025-08-24 09:41:09,22
184,9,13,2025-08-26 14:23:25,19
185,9,8,2025-08-25 14:38:21,30
186,9,62,2025-08-25 06:33:00,24
187,9,124,2025-08-25 19:41:42,30
188,9,36,2025-08-28 01:24:29,16
189,9,2,2025-08-27 04:27:21,28
190,9,27,2025-08-29 12:16:25,30
191,9,78,2025-08-20 14:17:51,23
192,9,56,2025-08-23 17:30:08,25
193,10,46,2025-02-21 12:13:13,50
194,10,10,2025-02-16 08:26:01,38
195,10,113,2025-02-24 10:28:37,24
196,10,124,2025-02-16 04:04:43,36
197,10,103,2025-02-20 03:12:09,23
198,10,77,2025-02-20 10:23:02,48
199,10,50,2025-02-24 15:36:02,32
200,10,118,2025-02-18 00:07:16,34
201,10,41,2025-02-20 05:25:59,37
202,10,47,2025-02-21 06:43:49,33
203,10,127,2025-02-24 04:10:43,32
204,10,114,2025-02-20 16:15:39,50
205,10,43,2025-02-19 13:19:17,38
206,10,9,2025-02-16 00:25:02,50
207,10,57,2025-02-17 15:25:03,18
208,10,111,2025-02-23 19:11:01,32
209,10,133,2025-02-18 13:15:34,27
210,10,78,2025-02-18 04:00:41,29
211,10,80,2025-02-24 09:28:24,30
212,10,93,2025-02-21 03:34:29,29
213,10,117,2025-02-19 05:52:26,13
214,10,123,2025-02-16 16:17:33,8
215,10,94,2025-02-16 04:56:38,49
216,11,29,2025-02-25 17:40:06,19
217,11,44,2025-02-23 15:13:35,30
218,11,91,2025-02-28 20:42:23,23
219,11,67,2025-02-28 18:21:13,19
220,11,125,2025-02-26 01:59:12,21
221,11,102,2025-02-25 11:59:17,17
222,11,130,2025-03-02 09:46:35,22
223,11,15,2025-03-02 22:10:53,30
224,11,28,2025-02-25 00:57:14,25
225,11,39,2025-03-02 12:29:31,27
226,11,111,2025-03-01 18:36:32,17
227,11,32,2025-02-23 05:21:59,20
228,11,45,2025-02-28 14:32:34,28
229,11,10,2025-02-26 00:46:10,23
230,11,65,2025-02-23 06:19:13,13
231,11,57,2025-03-03 15:21:49,20
232,11,14,2025-02-25 16:46:40,27
233,11,100,2025-02-26 19:52:09,18
234,11,53,2025-03-02 10:13:58,18
235,11,115,2025-02-26 13:45:06,13
236,11,12,2025-02-24 14:16:44,18
237,11,37,2025-02-24 19:29:44,28
238,11,36,2025-02-24 17:15:36,13
239,11,116,2025-03-04 23:55:43,8
240,11,1,2025-02-28 05:43:48,19
241,11,31,2025-02-27 01:15:40,23
242,11,131,2025-03-03 21:27:10,17
243,11,58,2025-03-02 09:50:33,25
244,12,120,2025-07-23 13:02:43,19
245,12,17,2025-07-29 04:29:29,17
246,12,42,2025-07-23 23:52:13,19
247,12,121,2025-07-31 08:05:14,18
248,12,89,2025-07-27 15:24:42,16
249,12,60,2025-07-25 19:19:22,25
250,12,55,2025-07-23 16:36:51,20
251,12,29,2025-07-22 11:32:28,21
252,12,68,2025-07-28 23:21:48,9
253,12,135,2025-07-30 20:35:28,15
254,12,37,2025-07-26 18:29:02,23
255,12,77,2025-07-29 17:44:03,16
256,12,100,2025-07-29 17:33:33,30
257,12,21,2025-07-26 12:50:54,14
258,12,119,2025-07-23 14:35:46,18
259,12,7,2025-07-27 03:12:19,14
260,12,24,2025-07-22 19:46:06,24
261,12,12,2025-07-31 20:55:19,26
262,12,133,2025-07-29 12:55:30,20
263,12,14,2025-07-23 09:32:54,30
264,12,4,2025-07-28 01:06:25,17
265,12,95,2025-07-22 09:56:02,20
266,12,70,2025-07-29 19:27:19,20
267,12,73,2025-07-26 09:32:09,28
268,13,2,2025-06-18 11:16:57,8
269,13,103,2025-06-15 11:37:45,16
270,13,42,2025-06-16 10:40:27,18
271,13,110,2025-06-16 10:12:33,14
272,13,45,2025-06-12 11:41:48,13
273,13,25,2025-06-21 01:45:49,20
274,13,109,2025-06-16 15:22:43,17
275,13,81,2025-06-19 23:52:46,17
276,13,96,2025-06-12 06:39:44,12
277,13,21,2025-06-18 13:04:06,6
278,13,36,2025-06-12 00:31:59,8
279,13,80,2025-06-20 15:46:01,7
280,13,27,2025-06-17 21:27:08,14
281,13,71,2025-06-12 23:22:34,13
282,13,30,2025-06-15 11:53:22,14
283,13,43,2025-06-13 08:47:04,16
284,13,76,2025-06-16 04:50:36,13
285,13,10,2025-06-12 07:32:07,20
286,13,106,2025-06-19 06:54:05,20
287,13,79,2025-06-12 10:05:46,19
288,13,5,2025-06-21 17:42:02,20
289,13,123,2025-06-19 00:53:12,17
290,13,28,2025-06-14 11:46:52,17
291,14,62,2025-08-05 20:42:05,26
292,14,47,2025-08-04 18:46:06,20
293,14,31,2025-07-28 11:23:33,20
294,14,116,2025-08-03 08:36:03,17
295,14,48,2025-08-03 15:06:41,20
296,14,39,2025-07-28 02:45:38,11
297,14,135,2025-08-01 22:50:02,24
298,14,32,2025-07-30 10:41:00,29
299,14,132,2025-08-05 05:54:29,28
300,14,99,2025-07-27 15:44:12,20
301,14,139,2025-07-30 10:11:05,22
302,14,41,2025-07-27 00:57:43,20
303,14,68,2025-08-05 07:41:54,23
304,14,84,2025-07-31 07:49:01,26
305,14,107,2025-07-29 18:30:33,27
306,14,117,2025-08-02 03:47:09,21
307,14,69,2025-07-29 02:28:42,27
308,14,20,2025-07-27 10:41:57,16
309,14,49,2025-08-03 11:24:24,26
310,14,82,2025-07-31 18:53:38,20
311,14,94,2025-08-02 04:11:23,19
312,15,23,2025-11-16 01:19:04,39
313,15,125,2025-11-21 23:50:58,45
314,15,127,2025-11-18 00:39:48,40
315,15,115,2025-11-17 09:21:33,34
316,15,60,2025-11-14 16:31:03,39
317,15,118,2025-11-20 16:18:29,33
318,15,88,2025-11-12 15:43:20,47
319,15,65,2025-11-13 16:03:28,50
320,15,19,2025-11-12 08:56:37,32
321,15,44,2025-11-13 08:27:48,50
322,15,77,2025-11-14 04:51:13,50
323,15,134,2025-11-15 20:33:46,37
324,15,74,2025-11-13 01:11:36,41
325,15,51,2025-11-12 13:37:12,44
326,15,113,2025-11-17 19:02:24,24
327,15,70,2025-11-15 05:24:33,35
328,15,101,2025-11-12 07:39:09,50
329,15,83,2025-11-20 08:08:42,38
330,15,98,2025-11-12 14:49:11,44
331,16,16,2025-10-12 00:13:32,16
332,16,7,2025-10-20 06:42:04,19
333,16,98,2025-10-11 05:49:29,11
334,16,131,2025-10-11 16:41:38,17
335,16,109,2025-10-16 23:58:43,18
336,16,89,2025-10-12 14:05:48,10
337,16,114,2025-10-15 01:49:02,8
338,16,19,2025-10-14 02:34:29,13
339,16,81,2025-10-18 06:19:31,20
340,16,136,2025-10-13 05:51:50,20
341,16,34,2025-10-14 08:42:55,15
342,16,127,2025-10-11 09:35:57,10
343,16,66,2025-10-11 11:33:35,17
344,16,128,2025-10-18 06:45:17,10
345,16,47,2025-10-15 16:15:39,18
346,16,9,2025-10-13 13:47:00,15
347,16,78,2025-10-13 02:30:16,13
348,16,65,2025-10-14 22:08:12,13
349,16,91,2025-10-14 02:16:26,12
350,16,46,2025-10-16 01:51:55,19
351,16,55,2025-10-16 05:28:54,8
352,16,80,2025-10-11 14:29:40,13
353,16,72,2025-10-19 20:48:56,9
354,16,44,2025-10-14 23:24:21,17
355,16,93,2025-10-12 15:29:15,10
356,16,115,2025-10-16 12:46:11,13
357,17,104,2025-10-18 10:29:53,23
358,17,121,2025-10-20 18:47:43,17
359,17,18,2025-10-18 08:30:39,29
360,17,117,2025-10-25 19:59:00,30
361,17,66,2025-10-25 19:20:09,30
362,17,49,2025-10-19 06:10:16,15
363,17,135,2025-10-18 07:36:51,30
364,17,123,2025-10-21 12:15:14,21
365,17,7,2025-10-21 10:01:08,18
366,17,126,2025-10-25 20:41:35,22
367,17,77,2025-10-26 13:32:50,13
368,17,138,2025-10-17 13:55:07,22
369,17,1,2025-10-25 10:22:55,24
370,17,127,2025-10-24 17:58:20,20
371,17,113,2025-10-23 02:03:24,20
372,17,52,2025-10-17 20:16:05,28
373,17,71,2025-10-19 00:27:40,22
374,17,125,2025-10-18 20:11:59,30
375,17,90,2025-10-18 04:40:05,28
376,17,41,2025-10-21 16:18:54,18
377,18,135,2025-04-24 06:27:07,9
378,18,89,2025-04-24 03:58:33,4
379,18,68,2025-04-28 21:20:53,9
380,18,70,2025-04-22 08:11:35,6
381,18,7,2025-04-30 16:41:07,8
382,18,21,2025-04-30 14:22:39,7
383,18,14,2025-04-26 07:42:47,8
384,18,37,2025-04-25 01:30:25,10
385,18,120,2025-04-22 09:20:26,8
386,18,73,2025-05-01 18:25:20,5
387,18,12,2025-04-23 03:35:11,10
388,18,121,2025-04-22 02:40:16,6
389,18,24,2025-04-22 04:15:09,10
390,18,100,2025-05-01 08:59:23,8
391,18,119,2025-04-28 05:02:07,8
392,18,29,2025-04-28 21:42:16,6
393,18,55,2025-04-29 12:07:08,10
394,18,42,2025-04-28 20:41:23,6
395,18,133,2025-04-26 09:24:59,8
396,18,17,2025-05-01 18:35:39,8
397,18,4,2025-04-25 19:42:41,6
398,18,95,2025-04-29 22:22:18,7
399,18,77,2025-04-29 15:28:29,7
400,18,60,2025-04-22 05:45:35,10
401,19,61,2025-11-20 20:47:16,12
402,19,88,2025-11-12 16:53:56,15
403,19,97,2025-11-20 10:50:31,17
404,19,121,2025-11-14 18:46:25,16
405,19,134,2025-11-14 15:12:03,16
406,19,53,2025-11-18 20:12:18,6
407,19,55,2025-11-20 15:50:15,8
408,19,129,2025-11-16 20:04:45,9
409,19,56,2025-11-20 12:48:57,13
410,19,108,2025-11-14 06:54:22,11
411,19,80,2025-11-12 03:29:05,15
412,19,110,2025-11-18 23:40:14,17
413,19,23,2025-11-20 13:34:23,13
414,19,20,2025-11-14 10:36:34,10
415,19,132,2025-11-19 04:55:29,3
416,19,83,2025-11-21 15:22:51,15
417,19,8,2025-11-17 21:39:52,20
418,19,137,2025-11-14 10:45:40,13
419,19,22,2025-11-15 08:41:17,16
420,19,6,2025-11-16 11:28:08,9
421,19,30,2025-11-12 10:56:52,18
422,19,84,2025-11-21 01:38:15,16
423,19,105,2025-11-17 15:38:43,17
424,19,17,2025-11-14 04:11:59,13
425,19,86,2025-11-16 11:52:24,15
426,19,69,2025-11-16 14:28:30,12
427,20,1,2025-11-12 16:17:06,13
428,20,135,2025-11-14 15:40:10,17
429,20,90,2025-11-10 11:58:23,21
430,20,18,2025-11-17 14:56:29,30
431,20,113,2025-11-19 03:42:46,18
432,20,121,2025-11-11 20:43:21,30
433,20,125,2025-11-13 05:01:02,12
434,20,123,2025-11-19 07:25:50,22
435,20,52,2025-11-19 17:30:54,30
436,20,66,2025-11-18 12:04:54,23
437,20,49,2025-11-14 13:15:15,22
438,20,104,2025-11-13 18:13:23,13
439,20,117,2025-11-13 07:03:26,20
440,20,127,2025-11-18 18:45:25,22
441,20,77,2025-11-12 17:29:54,28
442,20,71,2025-11-16 22:35:50,23
443,20,41,2025-11-10 15:04:10,30
444,20,7,2025-11-11 19:03:27,12
445,20,126,2025-11-18 04:01:11,7
446,20,138,2025-11-17 17:24:44,24
447,21,95,2025-11-25 10:34:27,43
448,21,24,2025-11-25 22:36:43,42
449,21,71,2025-11-24 05:26:26,40
450,21,104,2025-12-01 14:34:12,40
451,21,13,2025-12-02 21:51:34,47
452,21,108,2025-12-03 12:52:30,37
453,21,118,2025-11-28 11:36:15,47
454,21,130,2025-11-28 16:17:15,30
455,21,17,2025-12-02 11:17:14,47
456,21,4,2025-11-27 02:05:21,41
457,21,74,2025-11-27 12:35:12,39
458,21,44,2025-11-25 23:34:33,42
459,21,11,2025-11-30 14:35:42,48
460,21,50,2025-11-28 17:53:57,50
461,21,35,2025-11-26 16:32:07,42
462,21,122,2025-11-26 08:54:07,23
463,21,105,2025-11-24 03:32:24,43
464,21,92,2025-11-25 11:39:28,20
465,21,45,2025-11-27 23:22:33,50
466,21,133,2025-11-30 14:29:20,31
467,21,32,2025-11-29 09:48:32,50
468,21,82,2025-12-03 04:49:39,50
469,21,85,2025-11-24 08:01:09,30
470,21,31,2025-11-29 01:37:39,46
471,21,63,2025-11-30 13:03:24,29
472,21,22,2025-11-29 18:00:26,48
473,22,113,2025-09-05 23:29:50,7
474,22,49,2025-09-08 10:29:42,4
475,22,138,2025-09-01 04:54:49,8
476,22,66,2025-09-04 00:57:09,7
477,22,125,2025-08-31 09:01:43,5
478,22,52,2025-09-02 04:13:45,10
479,22,18,2025-09-04 18:11:11,8
480,22,126,2025-09-06 03:51:37,2
481,22,135,2025-09-05 20:11:52,6
482,22,41,2025-09-07 16:12:57,7
483,22,90,2025-09-03 23:41:20,7
484,22,77,2025-09-05 14:48:31,7
485,22,127,2025-09-07 15:10:46,8
486,22,121,2025-09-03 09:33:53,4
487,22,123,2025-09-03 02:57:42,4
488,22,71,2025-09-06 05:38:37,6
489,22,1,2025-09-05 22:15:05,3
490,22,117,2025-09-02 03:43:17,10
491,22,7,2025-08-30 03:38:30,5
492,22,104,2025-09-03 14:12:12,9
493,23,31,2025-06-30 14:46:10,20
494,23,45,2025-07-01 05:06:05,10
495,23,15,2025-07-02 23:08:02,9
496,23,130,2025-06-28 15:26:00,19
497,23,32,2025-07-05 02:18:01,8
498,23,91,2025-07-03 14:21:35,19
499,23,36,2025-07-04 12:28:45,20
500,23,100,2025-06-26 14:50:37,12
501,23,125,2025-07-03 04:13:14,20
502,23,12,2025-07-05 13:45:43,19
503,23,28,2025-07-04 11:33:46,13
504,23,116,2025-07-02 03:01:14,11
505,23,29,2025-07-03 02:06:52,15
506,23,14,2025-06-27 22:27:20,16
507,23,57,2025-07-01 06:59:41,11
508,23,58,2025-07-04 08:30:00,11
509,23,53,2025-07-03 23:10:32,16
510,23,111,2025-06-29 22:55:14,10
511,23,39,2025-07-04 20:33:17,10
512,23,1,2025-06-29 02:28:47,15
513,23,131,2025-07-03 05:08:58,20
514,23,10,2025-07-02 01:38:49,20
515,23,115,2025-06-27 06:32:54,10
516,23,44,2025-06-27 11:45:54,20
517,23,37,2025-07-04 08:27:15,20
518,23,65,2025-07-04 08:43:04,11
519,23,67,2025-06-29 15:40:13,16
520,23,102,2025-07-01 01:03:08,12
521,24,11,2025-03-01 19:18:40,22
522,24,122,2025-03-05 14:35:31,14
523,24,92,2025-03-03 19:46:01,30
524,24,13,2025-02-25 17:36:34,29
525,24,130,2025-02-28 15:07:47,29
526,24,22,2025-03-01 02:18:53,13
527,24,104,2025-03-01 21:17:38,18
528,24,71,2025-03-06 16:00:40,18
529,24,31,2025-03-03 02:03:46,25
530,24,24,2025-03-01 08:22:58,8
531,24,17,2025-02-27 23:31:03,17
532,24,4,2025-03-03 01:39:50,30
533,24,74,2025-02-25 02:42:05,10
534,24,35,2025-03-01 16:38:11,12
535,24,85,2025-03-02 13:16:44,26
536,24,118,2025-02-28 08:38:19,30
537,24,32,2025-03-04 12:11:56,11
538,24,105,2025-03-06 05:35:32,24
539,24,133,2025-03-04 09:10:41,17
540,24,108,2025-03-03 05:17:30,26
541,24,50,2025-02-26 18:49:10,23
542,24,95,2025-03-01 06:32:04,15
543,24,82,2025-02-26 13:17:45,21
544,24,45,2025-02-26 15:14:08,14
545,24,44,2025-03-03 05:52:05,17
546,24,63,2025-03-01 00:57:24,22
547,25,119,2025-05-08 21:49:27,10
548,25,98,2025-05-03 02:29:27,9
549,25,81,2025-05-07 09:10:02,4
550,25,24,2025-05-01 01:56:24,7
551,25,138,2025-05-09 16:54:28,7
552,25,109,2025-05-08 10:31:52,5
553,25,54,2025-05-05 03:30:05,6
554,25,116,2025-05-08 00:17:24,5
555,25,57,2025-05-04 05:45:59,6
556,25,4,2025-05-04 18:58:15,7
557,25,48,2025-05-10 22:39:27,4
558,25,15,2025-05-06 01:39:35,6
559,25,69,2025-05-03 16:33:31,7
560,25,18,2025-05-02 22:37:51,7
561,25,134,2025-05-09 19:36:48,10
562,25,28,2025-05-02 02:53:19,7
563,25,59,2025-05-08 17:50:14,10
564,25,49,2025-05-05 16:36:25,5
565,25,71,2025-05-03 18:28:31,7
566,25,70,2025-05-02 19:58:13,7
567,26,93,2025-01-12 19:45:41,33
568,26,80,2025-01-21 18:42:23,46
569,26,136,2025-01-17 05:49:25,34
570,26,34,2025-01-19 22:34:07,33
571,26,115,2025-01-20 05:16:00,26
572,26,127,2025-01-15 23:53:26,27
573,26,91,2025-01-20 12:39:45,40
574,26,19,2025-01-15 00:52:51,41
575,26,9,2025-01-20 09:12:37,39
576,26,46,2025-01-12 02:47:41,25
577,26,131,2025-01-13 12:24:36,31
578,26,72,2025-01-21 10:33:42,39
579,26,44,2025-01-20 20:56:20,49
580,26,16,2025-01-20 03:28:44,35
581,26,114,2025-01-20 19:43:08,31
582,26,98,2025-01-15 09:23:41,45
583,26,66,2025-01-18 04:06:21,39
584,26,81,2025-01-12 05:02:40,44
585,26,109,2025-01-20 20:23:23,44
586,26,78,2025-01-18 07:07:21,46
587,26,7,2025-01-19 05:09:58,27
588,26,128,2025-01-16 02:38:04,47
589,26,55,2025-01-21 23:46:03,40
590,26,47,2025-01-16 21:00:02,41
591,26,65,2025-01-17 18:49:43,43
592,26,89,2025-01-13 04:44:39,39
593,27,59,2025-10-05 01:23:40,47
594,27,109,2025-10-02 13:34:13,44
595,27,31,2025-09-27 01:20:21,50
596,27,98,2025-09-28 14:06:31,28
597,27,114,2025-09-27 14:50:19,42
598,27,40,2025-09-28 07:17:08,27
599,27,95,2025-09-28 12:19:07,50
600,27,67,2025-09-28 11:46:12,28
601,27,3,2025-09-27 09:58:03,27
602,27,64,2025-10-06 14:08:44,39
603,27,36,2025-10-06 10:12:39,43
604,27,16,2025-10-05 01:29:56,26
605,27,120,2025-10-01 07:30:48,36
606,27,99,2025-09-29 19:03:27,40
607,27,52,2025-10-05 18:42:08,50
608,27,118,2025-10-05 08:14:22,38
609,27,21,2025-09-29 19:38:04,36
610,27,84,2025-09-28 14:36:38,39
611,27,135,2025-09-29 11:38:40,23
612,28,84,2025-10-30 16:14:04,39
613,28,118,2025-11-05 23:41:43,40
614,28,99,2025-11-05 06:50:09,36
615,28,67,2025-11-03 10:28:46,26
616,28,16,2025-11-04 09:49:21,31
617,28,59,2025-11-01 10:53:02,47
618,28,36,2025-11-06 01:53:07,41
619,28,135,2025-11-07 01:53:56,50
620,28,40,2025-11-06 17:40:37,28
621,28,3,2025-10-29 19:11:39,34
622,28,95,2025-10-31 12:30:04,26
623,28,31,2025-10-30 11:44:59,17
624,28,52,2025-11-03 02:27:34,35
625,28,64,2025-10-31 00:23:01,40
626,28,120,2025-11-03 05:32:32,40
627,28,98,2025-10-31 09:16:41,16
628,28,114,2025-10-29 11:24:18,35
629,28,109,2025-11-01 05:03:17,24
630,28,21,2025-11-06 20:06:24,50
631,29,70,2025-11-26 03:32:57,19
632,29,59,2025-11-19 02:15:04,30
633,29,48,2025-11-21 00:36:59,30
634,29,49,2025-11-21 12:22:10,25
635,29,81,2025-11-22 19:26:22,27
636,29,71,2025-11-23 04:59:14,28
637,29,15,2025-11-23 21:23:54,18
638,29,54,2025-11-24 02:00:32,14
639,29,134,2025-11-18 18:19:37,28
640,29,69,2025-11-25 09:48:04,19
641,29,24,2025-11-18 00:46:56,15
642,29,98,2025-11-20 05:44:46,20
643,29,138,2025-11-19 14:38:32,23
644,29,57,2025-11-27 06:30:29,17
645,29,4,2025-11-21 22:36:23,25
646,29,18,2025-11-18 11:22:00,18
647,29,119,2025-11-18 20:10:23,21
648,29,109,2025-11-18 14:24:49,26
649,29,116,2025-11-27 21:08:20,29
650,29,28,2025-11-21 12:29:55,21
651,30,21,2025-02-18 14:50:53,15
652,30,3,2025-02-17 02:51:47,13
653,30,84,2025-02-13 16:36:47,16
654,30,67,2025-02-18 06:25:58,18
655,30,120,2025-02-17 08:33:15,12
656,30,114,2025-02-12 15:39:46,13
657,30,95,2025-02-18 01:10:26,19
658,30,31,2025-02-12 17:38:08,15
659,30,99,2025-02-16 05:33:03,5
660,30,59,2025-02-14 03:16:15,20
661,30,118,2025-02-18 16:13:05,18
662,30,135,2025-02-15 06:41:36,10
663,30,40,2025-02-13 20:41:30,20
664,30,52,2025-02-16 15:53:42,13
665,30,109,2025-02-14 16:00:55,20
666,30,16,2025-02-11 07:48:04,18
667,30,36,2025-02-16 14:35:19,20
668,30,98,2025-02-14 01:05:24,20
669,30,64,2025-02-12 07:24:04,13
670,31,134,2025-08-25 22:12:32,25
671,31,137,2025-08-26 14:06:08,10
672,31,20,2025-08-22 20:37:55,23
673,31,53,2025-08-25 10:26:28,18
674,31,22,2025-08-20 22:50:10,29
675,31,80,2025-08-26 03:35:26,18
676,31,110,2025-08-29 07:15:27,20
677,31,132,2025-08-28 08:51:46,29
678,31,88,2025-08-21 14:10:13,12
679,31,55,2025-08-26 19:55:18,10
680,31,8,2025-08-28 20:35:57,30
681,31,121,2025-08-29 12:23:00,25
682,31,84,2025-08-29 17:48:48,23
683,31,97,2025-08-28 21:51:49,15
684,31,69,2025-08-29 02:57:33,25
685,31,83,2025-08-21 23:14:38,22
686,31,30,2025-08-29 23:19:28,17
687,31,105,2025-08-25 16:18:25,19
688,31,56,2025-08-20 06:43:56,29
689,31,61,2025-08-20 14:50:03,30
690,31,129,2025-08-24 22:39:54,22
691,31,17,2025-08-22 10:47:22,30
692,31,6,2025-08-21 14:57:07,27
693,31,108,2025-08-24 03:22:57,12
694,31,23,2025-08-20 00:57:45,23
695,31,86,2025-08-24 23:01:17,27
696,32,4,2025-10-21 21:09:45,7
697,32,134,2025-10-26 03:02:32,9
698,32,90,2025-10-23 10:22:26,8
699,32,14,2025-10-21 03:04:42,8
700,32,51,2025-10-27 09:09:54,8
701,32,47,2025-10-25 20:05:20,10
702,32,89,2025-10-28 17:40:10,6
703,32,73,2025-10-28 04:06:43,6
704,32,69,2025-10-26 01:58:30,10
705,32,1,2025-10-21 19:58:58,7
706,32,118,2025-10-28 12:36:39,7
707,32,112,2025-10-27 06:31:31,6
708,32,127,2025-10-23 04:57:33,8
709,32,21,2025-10-29 20:42:41,8
710,32,106,2025-10-27 01:53:17,6
711,32,33,2025-10-25 05:23:58,6
712,32,129,2025-10-25 07:17:49,7
713,32,43,2025-10-29 11:40:37,7
714,32,138,2025-10-21 21:44:47,10
715,32,63,2025-10-27 04:45:33,10
716,32,128,2025-10-28 05:48:05,8
717,32,34,2025-10-25 08:31:50,5
718,32,40,2025-10-28 17:14:08,7
719,32,81,2025-10-26 03:11:49,2
720,33,112,2025-06-04 20:33:08,28
721,33,69,2025-06-01 12:54:40,22
722,33,127,2025-05-28 03:13:14,14
723,33,106,2025-06-03 17:17:00,19
724,33,118,2025-05-31 01:14:19,27
725,33,89,2025-06-04 05:53:41,23
726,33,128,2025-05-29 03:08:50,27
727,33,81,2025-06-04 15:06:52,25
728,33,129,2025-05-27 06:22:52,19
729,33,14,2025-06-03 08:22:25,26
730,33,90,2025-06-05 12:46:37,20
731,33,63,2025-05-31 06:56:22,27
732,33,73,2025-06-02 02:13:05,21
733,33,34,2025-06-04 19:39:32,4
734,33,134,2025-06-05 10:49:02,16
735,33,4,2025-05-28 09:24:33,30
736,33,1,2025-05-28 01:35:51,27
737,33,138,2025-06-02 02:06:42,23
738,33,40,2025-06-01 02:42:34,27
739,33,43,2025-05-28 22:16:11,24
740,33,47,2025-06-03 23:25:05,24
741,33,21,2025-05-29 15:36:42,16
742,33,33,2025-06-01 01:10:20,23
743,33,51,2025-05-27 15:12:13,14
744,34,81,2025-05-16 21:34:41,40
745,34,34,2025-05-15 16:45:43,50
746,34,7,2025-05-14 05:47:25,31
747,34,46,2025-05-16 05:46:50,38
748,34,80,2025-05-15 08:23:49,45
749,34,65,2025-05-23 02:52:55,22
750,34,89,2025-05-21 20:53:05,34
751,34,16,2025-05-18 14:14:01,36
752,34,66,2025-05-18 22:01:20,27
753,34,93,2025-05-19 09:05:04,50
754,34,44,2025-05-17 07:04:22,34
755,34,91,2025-05-23 05:10:37,49
756,34,78,2025-05-22 11:59:40,46
757,34,109,2025-05-20 14:35:28,32
758,34,98,2025-05-23 12:59:31,42
759,34,136,2025-05-16 09:08:26,30
760,34,9,2025-05-15 03:12:51,32
761,34,47,2025-05-14 00:59:33,50
762,34,19,2025-05-20 07:30:03,41
763,34,55,2025-05-15 17:54:58,36
764,34,115,2025-05-21 12:51:06,35
765,34,72,2025-05-22 09:09:28,35
766,34,131,2025-05-15 01:27:56,44
767,34,127,2025-05-22 16:44:52,35
768,34,114,2025-05-23 05:56:37,39
769,34,128,2025-05-22 20:42:12,28
770,35,13,2025-12-06 15:16:39,27
771,35,9,2025-12-07 00:29:41,24
772,35,126,2025-12-07 05:50:49,21
773,35,27,2025-12-09 09:40:42,25
774,35,57,2025-12-10 21:49:19,30
775,35,111,2025-12-08 16:09:39,30
776,35,62,2025-12-07 10:20:54,12
777,35,8,2025-12-04 21:48:52,15
778,35,78,2025-12-04 20:00:49,27
779,35,2,2025-12-09 11:50:53,15
780,35,124,2025-12-10 02:53:24,23
781,35,36,2025-12-02 04:55:29,24
782,35,11,2025-12-07 16:57:08,19
783,35,56,2025-12-04 15:03:38,30
784,35,83,2025-12-04 13:31:28,20
785,35,67,2025-12-08 03:41:05,27
786,35,73,2025-12-05 12:02:23,21
787,36,79,2025-07-21 07:42:39,13
788,36,71,2025-07-21 08:57:44,16
789,36,123,2025-07-22 20:39:43,11
790,36,5,2025-07-25 01:45:52,15
791,36,2,2025-07-20 01:45:43,16
792,36,36,2025-07-19 09:14:15,17
793,36,106,2025-07-24 10:16:08,16
794,36,25,2025-07-23 13:33:25,9
795,36,103,2025-07-18 05:15:20,15
796,36,28,2025-07-18 07:25:43,7
797,36,10,2025-07-22 06:55:29,13
798,36,109,2025-07-17 14:15:04,19
799,36,80,2025-07-23 22:05:07,15
800,36,96,2025-07-18 06:46:58,11
801,36,43,2025-07-18 23:23:07,20
802,36,42,2025-07-22 07:58:46,15
803,36,45,2025-07-21 03:50:47,20
804,36,30,2025-07-18 23:11:10,11
805,36,21,2025-07-25 00:24:34,9
806,36,81,2025-07-23 14:35:45,15
807,36,27,2025-07-24 19:55:39,19
808,36,110,2025-07-22 17:18:43,18
809,36,76,2025-07-17 17:40:17,17
810,37,38,2025-03-07 10:06:32,43
811,37,92,2025-03-01 03:03:37,47
812,37,41,2025-03-02 15:38:37,32
813,37,43,2025-03-03 10:51:58,34
814,37,120,2025-03-05 13:38:40,34
815,37,137,2025-03-04 22:46:11,37
816,37,111,2025-03-01 00:04:29,43
817,37,136,2025-03-08 10:44:01,34
818,37,45,2025-03-02 12:28:00,30
819,37,117,2025-03-04 06:19:24,50
820,37,56,2025-03-03 20:03:13,44
821,37,82,2025-03-01 05:30:06,32
822,37,81,2025-03-07 09:54:29,33
823,37,75,2025-03-05 04:12:26,37
824,37,26,2025-03-07 09:18:06,50
825,37,86,2025-03-07 00:11:27,49
826,37,36,2025-03-05 14:55:33,50
827,37,21,2025-03-01 05:46:25,17
828,37,12,2025-03-02 13:43:46,35
829,37,30,2025-03-02 19:47:18,24
830,37,15,2025-03-04 07:21:29,28
831,37,122,2025-03-08 12:05:33,23
832,37,106,2025-03-05 07:13:27,33
833,37,2,2025-03-06 05:47:44,33
834,37,33,2025-02-28 03:41:50,34
835,37,138,2025-03-03 04:14:04,50
836,37,11,2025-03-01 14:19:42,22
837,38,34,2025-12-08 12:45:12,30
838,38,17,2025-12-05 19:23:33,27
839,38,92,2025-12-09 01:34:35,16
840,38,61,2025-12-01 04:32:10,12
841,38,129,2025-12-09 00:29:39,20
842,38,47,2025-12-01 17:43:04,16
843,38,132,2025-12-08 11:16:56,21
844,38,3,2025-12-05 02:22:21,22
845,38,130,2025-12-06 02:27:05,14
846,38,62,2025-12-05 11:37:33,26
847,38,49,2025-12-08 09:52:43,11
848,38,20,2025-11-30 20:18:44,20
849,38,52,2025-12-07 02:51:14,26
850,38,109,2025-12-04 23:03:20,27
851,38,57,2025-11-30 08:46:27,14
852,38,83,2025-12-06 04:16:04,22
853,38,96,2025-12-09 14:11:21,26
854,38,76,2025-12-06 12:56:26,26
855,38,51,2025-12-02 16:25:54,19
856,38,30,2025-12-04 13:22:21,19
857,38,56,2025-12-09 06:08:13,17
858,38,138,2025-12-03 02:50:59,28
859,38,69,2025-12-02 02:54:27,18
860,38,48,2025-12-05 05:01:31,23
861,38,100,2025-12-01 05:11:26,30
862,38,68,2025-12-05 12:26:06,21
863,39,133,2025-07-04 07:22:13,24
864,39,119,2025-07-02 19:59:24,15
865,39,4,2025-06-29 05:25:22,24
866,39,64,2025-07-04 00:15:05,28
867,39,2,2025-06-26 19:29:14,28
868,39,120,2025-06-29 01:44:55,29
869,39,137,2025-06-27 15:46:16,27
870,39,139,2025-06-28 17:05:30,30
871,39,9,2025-07-03 01:51:23,15
872,39,95,2025-06-27 20:05:16,18
873,39,51,2025-06-27 17:13:22,14
874,39,72,2025-07-02 15:57:57,13
875,39,7,2025-07-04 02:03:34,26
876,39,108,2025-07-02 17:50:28,25
877,39,121,2025-06-27 15:03:48,25
878,39,44,2025-06-25 19:46:04,30
879,40,15,2025-05-01 06:50:22,16
880,40,109,2025-05-04 04:35:52,13
881,40,57,2025-05-04 11:02:08,14
882,40,49,2025-04-27 07:11:20,16
883,40,70,2025-04-30 21:42:00,20
884,40,116,2025-04-29 19:39:45,11
885,40,18,2025-05-01 05:48:43,17
886,40,69,2025-04-27 11:52:32,13
887,40,48,2025-04-27 21:28:59,13
888,40,28,2025-05-01 04:06:31,7
889,40,54,2025-05-04 06:06:33,12
890,40,59,2025-04-30 16:12:39,17
891,40,134,2025-05-05 05:08:26,15
892,40,98,2025-04-26 01:51:50,15
893,40,4,2025-04-28 18:45:33,13
894,40,81,2025-05-05 11:46:33,20
895,40,71,2025-05-01 17:13:02,20
896,40,138,2025-04-30 04:43:56,13
897,40,24,2025-05-03 22:25:20,18
898,40,119,2025-04-27 08:47:16,20
899,41,17,2025-07-18 08:49:27,6
900,41,130,2025-07-21 17:29:21,2
901,41,105,2025-07-18 18:55:16,7
902,41,11,2025-07-23 18:06:52,7
903,41,63,2025-07-25 11:41:04,9
904,41,108,2025-07-23 19:45:04,5
905,41,95,2025-07-18 07:45:22,8
906,41,24,2025-07-20 18:13:03,6
907,41,50,2025-07-21 23:52:42,6
908,41,44,2025-07-19 09:52:51,4
909,41,92,2025-07-21 06:06:23,6
910,41,32,2025-07-25 08:22:41,10
911,41,74,2025-07-22 20:21:01,6
912,41,4,2025-07-20 09:56:52,9
913,41,13,2025-07-19 14:56:35,8
914,41,85,2025-07-23 17:28:48,6
915,41,118,2025-07-22 11:24:43,7
916,41,104,2025-07-27 05:23:13,10
917,41,71,2025-07-22 07:08:54,4
918,41,31,2025-07-18 11:55:55,7
919,41,82,2025-07-19 06:07:58,5
920,41,22,2025-07-19 19:35:31,10
921,41,35,2025-07-20 22:23:33,6
922,41,122,2025-07-18 14:10:17,10
923,41,45,2025-07-23 13:26:12,5
924,41,133,2025-07-25 00:10:57,8
925,42,120,2025-05-08 23:46:07,7
926,42,59,2025-05-06 09:44:46,3
927,42,64,2025-05-06 06:43:37,7
928,42,135,2025-05-06 05:47:34,8
929,42,99,2025-05-04 11:39:04,5
930,42,114,2025-05-09 22:34:49,4
931,42,98,2025-05-02 00:40:54,10
932,42,95,2025-05-03 09:47:59,4
933,42,109,2025-05-10 12:56:32,8
934,42,3,2025-05-08 23:12:37,5
935,42,16,2025-05-08 19:52:19,8
936,42,67,2025-05-07 14:08:02,10
937,42,31,2025-05-07 02:24:13,7
938,42,118,2025-05-09 15:11:24,7
939,42,36,2025-05-01 13:58:14,8
940,42,84,2025-05-01 17:12:27,8
941,42,21,2025-05-02 10:44:59,6
942,42,40,2025-05-02 00:22:52,5
943,42,52,2025-05-09 16:14:34,8
944,43,61,2025-06-07 19:30:59,10
945,43,96,2025-06-01 21:51:35,19
946,43,52,2025-06-05 20:25:03,16
947,43,69,2025-06-02 07:54:49,15
948,43,30,2025-06-06 11:28:24,15
949,43,20,2025-05-31 12:45:01,17
950,43,68,2025-05-31 00:17:08,19
951,43,129,2025-06-07 02:57:01,13
952,43,100,2025-06-02 00:59:35,20
953,43,132,2025-05-31 11:04:20,10
954,43,83,2025-06-02 16:58:37,17
955,43,76,2025-06-02 06:07:20,15
956,43,3,2025-06-01 16:05:12,18
957,43,56,2025-06-07 14:17:07,10
958,43,92,2025-06-07 22:26:18,20
959,43,17,2025-06-06 12:22:47,19
960,43,138,2025-06-05 15:41:20,8
961,43,57,2025-05-30 14:14:26,13
962,43,51,2025-06-03 22:53:17,20
963,43,48,2025-05-31 06:11:29,4
964,43,34,2025-05-29 17:16:26,14
965,43,62,2025-05-30 18:08:15,14
966,43,47,2025-06-01 15:16:41,12
967,43,109,2025-06-04 09:09:10,6
968,43,49,2025-06-02 20:59:00,15
969,43,130,2025-06-03 23:34:31,16
970,44,79,2025-04-25 18:49:17,35
971,44,106,2025-04-20 12:08:39,50
972,44,27,2025-04-17 04:04:01,34
973,44,21,2025-04-21 09:52:05,36
974,44,25,2025-04-17 12:05:10,25
975,44,80,2025-04-18 11:28:24,37
976,44,30,2025-04-17 16:32:20,22
977,44,45,2025-04-22 04:10:59,41
978,44,81,2025-04-17 23:58:07,46
979,44,103,2025-04-19 21:01:18,42
980,44,28,2025-04-20 06:13:22,45
981,44,76,2025-04-24 12:45:10,33
982,44,110,2025-04-18 05:45:50,34
983,44,109,2025-04-25 20:06:51,50
984,44,43,2025-04-22 04:08:02,29
985,44,42,2025-04-18 13:51:24,33
986,44,10,2025-04-18 09:04:53,42
987,44,71,2025-04-20 14:50:21,34
988,44,96,2025-04-19 07:34:25,29
989,44,36,2025-04-20 05:28:44,42
990,44,2,2025-04-19 03:03:47,17
991,44,123,2025-04-21 23:10:28,41
992,44,5,2025-04-17 01:12:39,32
993,45,66,2025-02-03 10:32:16,13
994,45,127,2025-02-05 14:34:24,17
995,45,136,2025-02-07 09:02:41,23
996,45,47,2025-02-06 22:14:41,17
997,45,44,2025-02-06 17:03:52,16
998,45,55,2025-01-30 19:35:28,18
999,45,34,2025-01-30 09:02:42,20
1000,45,91,2025-02-05 03:04:43,22
1001,45,16,2025-01-31 21:31:05,27
1002,45,109,2025-02-02 21:00:50,17
1003,45,65,2025-02-01 22:23:47,15
1004,45,93,2025-01-30 08:42:11,19
1005,45,128,2025-01-31 11:40:51,25
1006,45,89,2025-02-03 13:15:55,30
1007,45,46,2025-01-31 06:36:00,15
1008,45,114,2025-02-03 17:24:36,30
1009,45,115,2025-02-03 19:39:32,16
1010,45,9,2025-02-04 15:43:40,26
1011,45,72,2025-02-04 20:26:01,24
1012,45,7,2025-02-06 07:17:19,24
1013,45,131,2025-01-31 07:29:14,23
1014,45,78,2025-02-01 16:00:57,22
1015,45,80,2025-02-06 12:24:59,21
1016,45,98,2025-02-03 00:26:15,21
1017,45,81,2025-02-04 02:14:02,14
1018,45,19,2025-02-08 00:38:40,26
1019,46,56,2025-07-01 05:22:37,15
1020,46,52,2025-06-25 21:50:33,11
1021,46,17,2025-06-28 16:17:03,17
1022,46,34,2025-06-29 01:23:28,16
1023,46,20,2025-06-29 15:44:27,15
1024,46,69,2025-06-22 14:11:57,14
1025,46,92,2025-06-27 01:17:06,8
1026,46,61,2025-06-26 11:07:40,15
1027,46,129,2025-06-29 06:27:47,10
1028,46,76,2025-06-25 05:34:21,15
1029,46,83,2025-06-24 08:53:32,19
1030,46,51,2025-06-27 11:02:11,12
1031,46,49,2025-06-27 05:06:49,15
1032,46,96,2025-07-01 21:12:45,19
1033,46,3,2025-06-25 12:02:24,20
1034,46,130,2025-06-25 03:44:23,20
1035,46,100,2025-06-22 17:52:37,11
1036,46,68,2025-06-28 14:09:06,14
1037,46,57,2025-06-25 21:37:55,11
1038,46,109,2025-06-29 20:03:21,13
1039,46,138,2025-06-30 12:09:44,15
1040,46,48,2025-06-26 02:25:59,13
1041,46,30,2025-06-28 17:41:10,14
1042,46,47,2025-06-30 10:47:09,13
1043,46,132,2025-06-30 19:38:36,13
1044,46,62,2025-06-25 21:52:41,20
1045,47,94,2025-08-20 15:33:52,35
1046,47,77,2025-08-21 12:40:47,38
1047,47,78,2025-08-20 02:41:11,46
1048,47,5,2025-08-17 14:23:37,34
1049,47,29,2025-08-19 14:21:50,22
1050,47,119,2025-08-14 13:42:05,40
1051,47,101,2025-08-19 00:47:24,30
1052,47,95,2025-08-13 10:33:53,50
1053,47,58,2025-08-22 13:43:41,24
1054,47,71,2025-08-21 15:12:28,27
1055,47,46,2025-08-20 09:25:03,33
1056,47,88,2025-08-14 22:11:27,29
1057,47,123,2025-08-17 08:21:17,41
1058,47,70,2025-08-15 11:28:48,46
1059,47,61,2025-08-22 06:10:36,38
1060,47,97,2025-08-17 19:04:46,50
1061,47,108,2025-08-15 21:50:28,32
1062,47,25,2025-08-18 10:48:11,44
1063,48,44,2025-05-24 02:23:56,21
1064,48,72,2025-05-28 22:40:59,13
1065,48,4,2025-05-20 03:21:54,25
1066,48,120,2025-05-28 06:32:57,26
1067,48,9,2025-05-26 22:07:53,28
1068,48,51,2025-05-26 08:30:44,30
1069,48,108,2025-05-29 19:34:09,11
1070,48,64,2025-05-25 06:58:01,18
1071,48,2,2025-05-27 04:24:04,28
1072,48,7,2025-05-25 12:36:34,23
1073,48,139,2025-05-23 06:37:26,30
1074,48,119,2025-05-23 07:59:49,29
1075,48,133,2025-05-20 22:19:15,22
1076,48,95,2025-05-24 13:24:17,21
1077,48,137,2025-05-20 11:02:22,23
1078,48,121,2025-05-22 22:13:47,17
1079,49,130,2025-01-25 05:14:49,20
1080,49,63,2025-01-21 10:06:09,23
1081,49,103,2025-01-27 03:44:45,17
1082,49,85,2025-01-23 02:58:10,21
1083,49,122,2025-01-22 22:34:43,25
1084,49,68,2025-01-21 03:32:45,17
1085,49,90,2025-01-21 03:02:47,25
1086,49,93,2025-01-21 18:19:40,20
1087,49,35,2025-01-27 14:55:17,25
1088,49,50,2025-01-25 19:44:02,18
1089,49,129,2025-01-23 02:32:23,24
1090,49,19,2025-01-26 03:56:43,19
1091,49,29,2025-01-24 18:23:21,28
1092,49,110,2025-01-24 01:35:13,30
1093,49,37,2025-01-22 12:43:22,23
1094,49,131,2025-01-25 21:47:09,16
1095,49,80,2025-01-22 17:43:16,26
1096,49,81,2025-01-23 15:52:43,12
1097,49,116,2025-01-21 06:57:44,30
1098,49,66,2025-01-23 09:55:25,22
1099,49,92,2025-01-26 04:16:12,13
1100,49,133,2025-01-26 23:21:51,27
1101,49,86,2025-01-24 09:30:08,23
1102,50,54,2025-08-22 16:19:04,9
1103,50,112,2025-08-28 16:54:15,6
1104,50,2,2025-08-25 02:37:16,10
1105,50,65,2025-08-29 07:08:29,6
1106,50,118,2025-08-26 12:06:47,8
1107,50,5,2025-08-27 13:55:22,4
1108,50,80,2025-08-21 09:30:34,5
1109,50,22,2025-08-28 08:32:49,9
1110,50,84,2025-08-24 13:55:53,9
1111,50,93,2025-08-25 23:11:31,5
1112,50,55,2025-08-22 21:47:02,8
1113,50,79,2025-08-20 18:07:24,5
1114,50,48,2025-08-28 07:57:45,9
1115,50,53,2025-08-28 22:19:24,7
1116,50,63,2025-08-22 21:44:01,6
1117,50,108,2025-08-25 21:22:25,8
1118,50,131,2025-08-27 10:55:32,4
1119,50,19,2025-08-25 06:25:27,7
1120,50,45,2025-08-26 03:01:06,5
1121,50,64,2025-08-26 13:25:27,10
1122,50,49,2025-08-25 16:12:25,6
1123,50,35,2025-08-22 21:50:51,8
1124,50,16,2025-08-22 05:59:08,4
1125,50,56,2025-08-24 12:22:40,6
1126,50,26,2025-08-20 01:39:24,7
1127,51,106,2025-06-09 01:27:16,13
1128,51,139,2025-06-10 12:51:00,25
1129,51,104,2025-06-12 04:13:57,23
1130,51,102,2025-06-14 04:09:27,24
1131,51,40,2025-06-06 14:26:33,23
1132,51,94,2025-06-07 13:14:33,23
1133,51,21,2025-06-08 12:42:42,24
1134,51,124,2025-06-09 16:21:18,14
1135,51,54,2025-06-14 11:12:15,20
1136,51,29,2025-06-12 01:57:23,20
1137,51,10,2025-06-10 13:38:02,17
1138,51,38,2025-06-13 12:07:35,30
1139,51,89,2025-06-10 07:50:29,20
1140,51,24,2025-06-09 07:46:34,29
1141,51,135,2025-06-07 09:52:10,29
1142,51,91,2025-06-07 21:44:09,15
1143,51,107,2025-06-13 11:53:57,14
1144,51,117,2025-06-08 03:51:28,24
1145,51,45,2025-06-07 07:36:19,15
1146,51,14,2025-06-14 14:42:37,24
1147,52,32,2025-01-17 23:16:42,15
1148,52,69,2025-01-20 00:37:20,16
1149,52,70,2025-01-20 07:06:35,24
1150,52,121,2025-01-24 18:32:30,20
1151,52,86,2025-01-24 12:53:33,30
1152,52,19,2025-01-18 17:55:10,23
1153,52,22,2025-01-19 20:10:36,19
1154,52,123,2025-01-22 11:21:02,22
1155,52,85,2025-01-15 20:02:34,29
1156,52,104,2025-01-16 23:20:34,27
1157,52,128,2025-01-19 04:05:44,21
1158,52,107,2025-01-19 14:33:52,30
1159,52,126,2025-01-17 03:13:29,22
1160,52,99,2025-01-16 21:14:16,25
1161,52,64,2025-01-20 11:57:21,19
1162,52,112,2025-01-24 15:20:40,21
1163,52,17,2025-01-19 14:35:06,16
1164,52,6,2025-01-22 14:56:29,21
1165,52,10,2025-01-21 19:18:40,16
1166,52,33,2025-01-16 10:35:52,18
1167,52,31,2025-01-16 16:26:59,13
1168,53,22,2025-07-23 21:49:32,41
1169,53,17,2025-07-28 16:19:02,50
1170,53,32,2025-07-25 01:40:00,33
1171,53,6,2025-07-22 04:41:55,40
1172,53,107,2025-07-25 13:40:47,30
1173,53,104,2025-07-19 11:25:30,41
1174,53,69,2025-07-23 10:20:17,50
1175,53,128,2025-07-27 07:12:26,49
1176,53,33,2025-07-19 00:16:36,34
1177,53,70,2025-07-23 00:13:45,49
1178,53,112,2025-07-26 15:39:58,50
1179,53,10,2025-07-26 13:29:27,40
1180,53,123,2025-07-25 15:29:40,36
1181,53,64,2025-07-23 20:43:22,22
1182,53,126,2025-07-24 05:45:29,31
1183,53,99,2025-07-19 06:52:47,41
1184,53,85,2025-07-24 17:49:38,50
1185,53,121,2025-07-27 21:28:03,40
1186,53,86,2025-07-20 03:25:53,46
1187,53,31,2025-07-27 02:00:56,27
1188,53,19,2025-07-27 10:25:12,43
1189,54,123,2025-04-30 07:03:54,28
1190,54,94,2025-05-04 21:58:01,19
1191,54,46,2025-05-03 00:04:25,18
1192,54,71,2025-05-02 03:32:42,17
1193,54,95,2025-05-08 20:48:53,26
1194,54,119,2025-05-02 17:54:46,24
1195,54,77,2025-05-09 18:17:00,24
1196,54,97,2025-05-04 18:20:38,20
1197,54,58,2025-05-08 19:23:51,26
1198,54,108,2025-04-30 11:07:59,26
1199,54,70,2025-05-04 19:26:24,21
1200,54,5,2025-05-09 19:48:17,30
1201,54,29,2025-04-30 09:57:12,30
1202,54,78,2025-05-09 09:33:16,15
1203,54,25,2025-05-03 02:27:50,15
1204,54,61,2025-05-07 20:41:30,30
1205,54,101,2025-05-08 01:40:37,24
1206,54,88,2025-05-06 11:02:46,21
1207,55,58,2025-04-25 01:01:46,17
1208,55,46,2025-04-29 06:45:22,11
1209,55,5,2025-05-02 23:02:36,15
1210,55,71,2025-04-29 11:04:29,18
1211,55,94,2025-04-24 06:40:11,18
1212,55,77,2025-04-24 20:38:07,20
1213,55,108,2025-05-01 21:38:13,19
1214,55,70,2025-05-01 12:45:06,20
1215,55,78,2025-05-01 06:53:07,20
1216,55,88,2025-04-30 05:05:33,15
1217,55,97,2025-04-27 11:20:20,19
1218,55,95,2025-05-01 20:14:18,15
1219,55,25,2025-04-28 15:31:22,11
1220,55,29,2025-04-26 00:31:26,12
1221,55,61,2025-04-26 22:32:44,20
1222,55,123,2025-04-29 15:51:07,16
1223,55,119,2025-04-26 21:30:40,20
1224,55,101,2025-04-24 10:04:58,14
1225,56,130,2025-08-09 10:40:41,16
1226,56,32,2025-08-06 01:21:19,14
1227,56,44,2025-08-09 01:36:04,23
1228,56,133,2025-08-07 13:42:46,25
1229,56,35,2025-08-06 00:29:15,29
1230,56,118,2025-08-04 00:17:40,23
1231,56,85,2025-08-03 19:33:29,7
1232,56,22,2025-08-08 05:40:21,30
1233,56,108,2025-08-04 06:26:21,24
1234,56,95,2025-08-07 14:54:45,23
1235,56,74,2025-08-08 04:04:08,20
1236,56,24,2025-08-05 20:23:46,26
1237,56,122,2025-08-02 08:58:11,28
1238,56,13,2025-08-03 17:03:15,30
1239,56,104,2025-08-02 19:58:39,30
1240,56,82,2025-08-05 01:31:52,17
1241,56,92,2025-08-11 04:30:16,24
1242,56,31,2025-08-10 06:28:00,28
1243,56,50,2025-08-07 20:23:08,15
1244,56,105,2025-08-07 01:02:25,17
1245,56,4,2025-08-08 01:59:20,18
1246,56,11,2025-08-07 05:16:20,18
1247,56,63,2025-08-03 01:25:11,27
1248,56,71,2025-08-07 00:39:27,29
1249,56,45,2025-08-02 07:06:56,22
1250,56,17,2025-08-05 21:03:55,17
1251,57,67,2025-02-01 05:32:34,8
1252,57,3,2025-02-06 07:32:50,2
1253,57,36,2025-02-01 08:45:20,9
1254,57,114,2025-01-31 10:09:19,9
1255,57,95,2025-02-06 22:21:43,9
1256,57,40,2025-02-05 13:32:04,5
1257,57,118,2025-01-30 00:51:49,10
1258,57,135,2025-02-07 03:53:31,7
1259,57,99,2025-01-29 03:17:12,5
1260,57,64,2025-02-02 02:38:36,7
1261,57,120,2025-02-04 14:55:04,6
1262,57,31,2025-01-30 02:00:04,2
1263,57,21,2025-02-02 05:19:57,6
1264,57,16,2025-02-03 01:18:31,6
1265,57,98,2025-02-04 08:35:03,9
1266,57,84,2025-02-07 05:57:31,7
1267,57,109,2025-02-05 07:07:46,10
1268,57,59,2025-01-29 02:43:44,10
1269,57,52,2025-02-07 21:59:04,8
1270,58,77,2025-09-14 17:51:02,13
1271,58,61,2025-09-12 14:12:12,10
1272,58,46,2025-09-17 04:39:55,7
1273,58,70,2025-09-09 15:48:09,13
1274,58,5,2025-09-10 14:20:18,17
1275,58,25,2025-09-12 15:54:26,13
1276,58,101,2025-09-13 18:01:09,13
1277,58,94,2025-09-18 21:27:34,15
1278,58,119,2025-09-16 22:11:36,13
1279,58,58,2025-09-10 04:49:26,14
1280,58,95,2025-09-12 23:12:25,18
1281,58,29,2025-09-12 22:02:40,10
1282,58,71,2025-09-15 22:33:11,15
1283,58,97,2025-09-16 00:06:13,18
1284,58,88,2025-09-11 07:09:56,14
1285,58,123,2025-09-14 17:39:12,15
1286,58,78,2025-09-16 02:21:41,20
1287,58,108,2025-09-13 17:20:29,17
1288,59,38,2025-02-18 03:35:51,18
1289,59,40,2025-02-22 15:46:05,15
1290,59,135,2025-02-22 03:42:22,19
1291,59,94,2025-02-14 02:45:40,20
1292,59,117,2025-02-20 03:59:21,14
1293,59,89,2025-02-16 07:42:35,12
1294,59,24,2025-02-18 14:29:49,19
1295,59,10,2025-02-18 11:31:50,13
1296,59,14,2025-02-22 20:47:19,16
1297,59,107,2025-02-14 19:10:30,11
1298,59,104,2025-02-17 14:04:01,15
1299,59,45,2025-02-18 20:16:43,17
1300,59,21,2025-02-22 05:38:29,20
1301,59,54,2025-02-15 14:29:32,16
1302,59,102,2025-02-20 11:57:19,15
1303,59,29,2025-02-22 18:21:53,16
1304,59,91,2025-02-22 08:19:11,12
1305,59,124,2025-02-14 02:57:41,15
1306,59,106,2025-02-18 00:33:55,20
1307,59,139,2025-02-16 12:45:00,14
1308,60,73,2025-05-15 16:45:04,50
1309,60,43,2025-05-14 18:28:00,32
1310,60,1,2025-05-14 15:16:41,30
1311,60,89,2025-05-12 01:55:48,29
1312,60,51,2025-05-11 21:39:07,38
1313,60,127,2025-05-12 04:57:09,50
1314,60,40,2025-05-17 15:41:01,35
1315,60,63,2025-05-20 12:16:21,50
1316,60,106,2025-05-18 04:37:17,24
1317,60,34,2025-05-12 12:33:29,45
1318,60,112,2025-05-16 12:49:49,23
1319,60,128,2025-05-11 23:50:47,39
1320,60,90,2025-05-15 21:02:52,41
1321,60,4,2025-05-14 17:41:45,26
1322,60,21,2025-05-13 14:43:14,18
1323,60,33,2025-05-14 14:00:16,23
1324,60,129,2025-05-16 06:15:20,50
1325,60,47,2025-05-13 03:39:28,32
1326,60,134,2025-05-14 07:09:59,43
1327,60,138,2025-05-11 13:49:53,37
1328,60,118,2025-05-14 21:38:18,18
1329,60,14,2025-05-14 00:37:51,42
1330,60,81,2025-05-15 16:07:48,42
1331,60,69,2025-05-18 17:39:57,28
1332,61,51,2025-10-24 15:46:24,10
1333,61,68,2025-10-19 11:17:19,23
1334,61,69,2025-10-20 09:29:44,21
1335,61,30,2025-10-18 07:09:56,21
1336,61,129,2025-10-17 01:37:40,23
1337,61,92,2025-10-19 01:57:39,26
1338,61,34,2025-10-17 12:44:25,26
1339,61,17,2025-10-15 11:05:50,29
1340,61,47,2025-10-18 04:23:23,25
1341,61,96,2025-10-18 11:30:52,17
1342,61,76,2025-10-21 13:23:44,26
1343,61,49,2025-10-17 12:38:05,22
1344,61,130,2025-10-17 14:40:48,25
1345,61,3,2025-10-21 04:39:51,30
1346,61,52,2025-10-17 08:23:13,24
1347,61,20,2025-10-23 22:30:09,17
1348,61,48,2025-10-20 10:43:34,17
1349,61,57,2025-10-21 01:06:31,13
1350,61,109,2025-10-23 08:28:07,17
1351,61,100,2025-10-18 23:25:22,30
1352,61,62,2025-10-20 23:21:13,23
1353,61,56,2025-10-21 06:35:19,22
1354,61,132,2025-10-18 23:34:25,22
1355,61,61,2025-10-23 12:13:38,25
1356,61,83,2025-10-15 21:41:19,24
1357,61,138,2025-10-24 18:25:16,16
1358,62,28,2025-03-12 09:12:24,41
1359,62,12,2025-03-16 06:51:46,39
1360,62,82,2025-03-11 17:46:31,26
1361,62,13,2025-03-12 11:03:12,37
1362,62,41,2025-03-13 06:36:51,50
1363,62,40,2025-03-17 14:05:32,40
1364,62,42,2025-03-15 20:45:16,8
1365,62,77,2025-03-14 10:40:29,22
1366,62,27,2025-03-11 09:35:47,43
1367,62,66,2025-03-16 04:20:03,19
1368,62,140,2025-03-20 03:07:07,41
1369,62,97,2025-03-17 03:39:47,50
1370,62,91,2025-03-14 23:24:29,47
1371,62,20,2025-03-16 22:23:47,50
1372,62,94,2025-03-13 10:32:17,39
1373,62,64,2025-03-12 13:06:07,40
1374,62,87,2025-03-13 08:48:23,50
1375,62,83,2025-03-16 19:09:01,25
1376,62,102,2025-03-14 17:18:11,27
1377,62,93,2025-03-11 10:05:21,30
1378,62,124,2025-03-18 12:07:03,18
1379,63,51,2025-11-04 02:14:36,43
1380,63,127,2025-10-31 07:41:33,37
1381,63,118,2025-10-30 20:22:56,46
1382,63,98,2025-11-05 22:04:39,50
1383,63,113,2025-11-06 12:18:07,42
1384,63,134,2025-11-01 20:54:31,29
1385,63,70,2025-11-03 02:20:44,50
1386,63,83,2025-10-29 23:03:25,41
1387,63,44,2025-10-29 13:24:25,50
1388,63,101,2025-10-28 07:09:30,31
1389,63,19,2025-10-30 20:34:11,24
1390,63,23,2025-10-29 23:18:47,50
1391,63,60,2025-11-04 00:31:51,25
1392,63,115,2025-10-30 10:53:19,50
1393,63,74,2025-10-30 06:25:23,45
1394,63,125,2025-11-06 01:06:40,34
1395,63,65,2025-11-03 18:19:55,11
1396,63,77,2025-10-30 15:12:05,50
1397,63,88,2025-10-28 05:15:03,41
1398,64,106,2025-02-03 12:39:01,31
1399,64,42,2025-02-01 08:08:33,32
1400,64,80,2025-02-01 07:55:37,42
1401,64,71,2025-01-31 20:35:05,38
1402,64,81,2025-02-01 10:13:46,21
1403,64,103,2025-02-04 17:51:13,33
1404,64,36,2025-01-27 20:33:34,24
1405,64,30,2025-02-04 01:44:23,40
1406,64,28,2025-02-04 18:02:44,20
1407,64,5,2025-02-01 04:35:11,34
1408,64,10,2025-02-01 03:35:41,24
1409,64,76,2025-01-29 15:59:04,49
1410,64,21,2025-01-30 18:22:24,29
1411,64,43,2025-02-01 17:01:04,33
1412,64,96,2025-01-27 12:46:22,37
1413,64,2,2025-01-26 09:56:41,43
1414,64,45,2025-01-29 17:43:09,50
1415,64,110,2025-02-02 03:57:24,30
1416,64,27,2025-01-31 09:17:07,43
1417,64,79,2025-01-26 00:29:53,31
1418,64,123,2025-02-02 20:14:15,19
1419,64,109,2025-01-27 07:51:33,35
1420,64,25,2025-01-26 08:59:22,44
1421,65,83,2025-05-28 07:58:36,21
1422,65,12,2025-05-22 12:29:44,15
1423,65,130,2025-05-25 22:01:20,14
1424,65,1,2025-05-22 19:20:31,23
1425,65,140,2025-05-24 05:51:23,20
1426,65,115,2025-05-21 11:02:15,19
1427,65,103,2025-05-29 13:18:20,20
1428,65,139,2025-05-26 07:21:10,20
1429,65,108,2025-05-23 23:43:02,22
1430,65,31,2025-05-30 03:03:03,27
1431,65,18,2025-05-21 02:18:58,27
1432,65,106,2025-05-21 19:42:08,21
1433,65,63,2025-05-28 16:29:42,16
1434,65,58,2025-05-28 07:44:54,19
1435,65,33,2025-05-21 05:49:49,22
1436,65,65,2025-05-22 06:07:52,23
1437,65,29,2025-05-24 07:54:46,23
1438,65,62,2025-05-27 04:38:10,19
1439,65,6,2025-05-26 02:56:43,30
1440,65,47,2025-05-28 05:18:23,12
1441,66,97,2025-08-11 17:37:45,19
1442,66,77,2025-08-10 21:37:11,10
1443,66,20,2025-08-15 13:01:57,13
1444,66,83,2025-08-15 17:54:35,15
1445,66,140,2025-08-13 07:44:53,20
1446,66,64,2025-08-08 20:45:09,17
1447,66,28,2025-08-13 12:08:53,12
1448,66,91,2025-08-11 03:56:47,16
1449,66,27,2025-08-15 00:58:31,11
1450,66,102,2025-08-13 10:25:27,13
1451,66,12,2025-08-07 17:01:58,20
1452,66,94,2025-08-13 14:41:33,7
1453,66,41,2025-08-13 16:24:08,15
1454,66,87,2025-08-06 04:33:11,10
1455,66,82,2025-08-14 16:48:22,10
1456,66,42,2025-08-14 03:03:55,14
1457,66,124,2025-08-08 04:34:57,18
1458,66,93,2025-08-14 18:12:14,19
1459,66,40,2025-08-15 21:37:57,20
1460,66,66,2025-08-15 17:28:52,13
1461,66,13,2025-08-10 18:46:51,14
1462,67,11,2025-09-28 05:59:21,20
1463,67,35,2025-09-28 02:37:22,30
1464,67,22,2025-09-28 03:27:08,23
1465,67,133,2025-09-26 17:53:59,20
1466,67,71,2025-10-02 23:56:51,26
1467,67,122,2025-09-28 23:39:26,27
1468,67,130,2025-09-28 12:43:58,27
1469,67,74,2025-10-03 13:32:18,29
1470,67,92,2025-09-28 05:48:28,18
1471,67,95,2025-09-25 20:18:03,21
1472,67,45,2025-09-25 17:57:47,24
1473,67,82,2025-09-25 17:25:53,19
1474,67,105,2025-09-27 21:59:25,19
1475,67,118,2025-09-29 07:51:06,27
1476,67,85,2025-10-03 13:52:32,28
1477,67,31,2025-09-25 23:38:27,26
1478,67,63,2025-10-03 14:44:22,30
1479,67,13,2025-10-04 04:28:17,22
1480,67,104,2025-09-27 18:04:40,18
1481,67,24,2025-09-30 22:06:09,19
1482,67,4,2025-09-28 03:19:18,29
1483,67,50,2025-10-04 02:10:46,30
1484,67,17,2025-09-27 07:43:32,18
1485,67,32,2025-09-28 17:04:19,19
1486,67,44,2025-09-25 10:15:49,24
1487,67,108,2025-09-29 17:31:41,23
1488,68,91,2025-01-28 03:33:48,20
1489,68,45,2025-01-27 07:29:32,26
1490,68,29,2025-01-26 09:17:31,17
1491,68,44,2025-02-02 00:10:54,11
1492,68,102,2025-01-29 08:54:08,22
1493,68,125,2025-01-26 16:27:05,15
1494,68,37,2025-02-02 07:26:08,15
1495,68,67,2025-01-27 23:24:12,19
1496,68,1,2025-02-03 09:29:39,26
1497,68,130,2025-01-28 17:38:11,20
1498,68,57,2025-02-01 06:56:44,20
1499,68,116,2025-01-30 21:53:05,22
1500,68,58,2025-01-25 01:10:07,24
1501,68,65,2025-02-01 16:19:21,16
1502,68,111,2025-01-26 05:08:09,24
1503,68,32,2025-02-01 12:53:59,24
1504,68,131,2025-01-25 10:14:13,21
1505,68,12,2025-01-27 07:46:45,28
1506,68,36,2025-02-01 18:59:57,30
1507,68,53,2025-02-02 16:31:55,27
1508,68,10,2025-01-25 17:59:50,14
1509,68,31,2025-01-27 04:25:50,27
1510,68,115,2025-01-26 17:42:08,20
1511,68,39,2025-01-29 21:12:33,23
1512,68,28,2025-02-03 15:20:19,22
1513,68,15,2025-01-25 12:22:34,17
1514,68,100,2025-01-27 05:31:57,24
1515,68,14,2025-01-27 16:48:28,17
1516,69,123,2025-09-22 02:53:58,22
1517,69,70,2025-09-28 12:42:49,11
1518,69,22,2025-09-21 06:14:41,21
1519,69,112,2025-09-28 23:52:43,17
1520,69,19,2025-09-30 02:38:43,27
1521,69,64,2025-09-26 14:43:37,24
1522,69,104,2025-09-24 10:06:22,20
1523,69,85,2025-09-24 11:31:53,15
1524,69,6,2025-09-26 18:16:12,23
1525,69,121,2025-09-22 07:08:45,26
1526,69,31,2025-09-29 14:02:59,26
1527,69,126,2025-09-28 15:21:39,15
1528,69,17,2025-09-26 19:35:39,22
1529,69,33,2025-09-30 09:44:40,14
1530,69,69,2025-09-28 18:40:02,27
1531,69,32,2025-09-30 12:09:35,16
1532,69,107,2025-09-22 00:12:51,18
1533,69,86,2025-09-25 03:57:50,18
1534,69,10,2025-09-26 02:24:29,9
1535,69,128,2025-09-27 14:35:36,20
1536,69,99,2025-09-27 17:20:37,15
1537,70,30,2025-05-08 04:41:30,8
1538,70,80,2025-05-13 02:50:00,9
1539,70,97,2025-05-10 13:39:00,10
1540,70,83,2025-05-13 12:13:36,18
1541,70,8,2025-05-15 18:20:44,19
1542,70,110,2025-05-08 10:17:24,14
1543,70,61,2025-05-15 20:25:35,17
1544,70,105,2025-05-07 22:59:56,20
1545,70,86,2025-05-09 15:03:41,14
1546,70,84,2025-05-14 13:32:38,18
1547,70,23,2025-05-15 19:54:09,8
1548,70,134,2025-05-07 19:06:56,20
1549,70,137,2025-05-08 23:58:55,12
1550,70,53,2025-05-06 20:40:14,14
1551,70,20,2025-05-12 10:44:11,13
1552,70,129,2025-05-06 06:36:25,16
1553,70,69,2025-05-11 06:53:15,9
1554,70,17,2025-05-13 12:04:25,11
1555,70,56,2025-05-12 09:54:28,17
1556,70,132,2025-05-15 18:45:53,14
1557,70,121,2025-05-14 21:40:19,12
1558,70,55,2025-05-06 22:32:13,12
1559,70,6,2025-05-15 05:49:18,19
1560,70,88,2025-05-06 21:22:17,10
1561,70,108,2025-05-09 05:05:22,12
1562,70,22,2025-05-15 15:38:54,20
